IP Address;Port;Code;Country;Anonymity;Google;Https
169.57.1.85;8123;MX;Mexico;elite proxy;no;no
20.111.54.16;80;FR;France;elite proxy;no;no
169.57.1.85;8123;MX;Mexico;elite proxy;no;no
169.57.1.85;8123;MX;Mexico;elite proxy;no;no
20.111.54.16;80;FR;France;elite proxy;no;no
20.206.106.192;80;BR;Brazil;elite proxy;no;no
205.185.126.246;3128;US;United States;elite proxy;no;yes
20.111.54.16;80;FR;France;elite proxy;no;no
20.206.106.192;80;BR;Brazil;elite proxy;no;no
163.116.158.115;8081;US;United States;elite proxy;no;yes
110.164.15.182;8080;TH;Thailand;anonymous;yes;no
20.205.42.31;80;HK;Hong Kong;elite proxy;no;no
165.3.122.211;80;US;United States;anonymous;no;no
163.116.158.114;8081;US;United States;elite proxy;no;yes
163.116.158.118;8081;US;United States;elite proxy;no;yes
163.116.158.117;8081;US;United States;elite proxy;no;yes
13.95.173.197;80;NL;Netherlands;anonymous;no;no
163.116.158.25;8081;US;United States;elite proxy;no;yes
20.24.43.214;8123;SG;Singapore;elite proxy;no;no
163.116.177.44;808;GB;United Kingdom;elite proxy;yes;yes
163.116.177.42;808;GB;United Kingdom;elite proxy;yes;yes
163.116.177.46;808;GB;United Kingdom;elite proxy;yes;yes
163.116.177.32;808;GB;United Kingdom;elite proxy;no;yes
163.116.158.142;8081;US;United States;elite proxy;yes;yes
163.116.177.30;808;GB;United Kingdom;elite proxy;yes;yes
163.116.177.48;808;GB;United Kingdom;elite proxy;yes;yes
163.116.177.39;808;GB;United Kingdom;elite proxy;no;yes
163.116.158.143;8081;US;United States;elite proxy;yes;yes
163.116.177.50;808;GB;United Kingdom;elite proxy;yes;yes
103.152.113.32;80;US;United States;anonymous;yes;no
103.167.135.112;80;HK;Hong Kong;anonymous;yes;no
128.22.123.175;80;JP;Japan;anonymous;yes;no
216.137.184.253;80;US;United States;elite proxy;yes;no
152.32.202.108;80;JP;Japan;anonymous;yes;no
157.254.193.139;80;JP;Japan;anonymous;yes;no
20.210.113.32;8123;JP;Japan;elite proxy;no;no
104.223.135.178;10000;US;United States;elite proxy;no;yes
163.116.177.49;808;GB;United Kingdom;elite proxy;yes;yes
103.167.135.110;80;HK;Hong Kong;anonymous;yes;no
163.116.158.27;8081;US;United States;elite proxy;no;yes
8.210.83.33;80;HK;Hong Kong;anonymous;yes;no
103.167.135.111;80;HK;Hong Kong;anonymous;yes;no
210.6.223.207;80;HK;Hong Kong;anonymous;yes;no
103.167.135.113;80;HK;Hong Kong;anonymous;yes;no
103.167.135.117;80;HK;Hong Kong;anonymous;yes;no
103.167.135.115;80;HK;Hong Kong;anonymous;yes;no
154.26.134.214;80;SG;Singapore;anonymous;yes;no
154.26.134.217;80;SG;Singapore;anonymous;yes;no
182.16.12.30;8088;HK;Hong Kong;anonymous;no;no
163.116.177.51;808;GB;United Kingdom;elite proxy;yes;yes
163.116.158.183;8081;US;United States;elite proxy;no;yes
182.16.12.27;8088;HK;Hong Kong;anonymous;no;no
163.116.177.31;808;GB;United Kingdom;elite proxy;no;yes
146.190.123.209;80;US;United States;anonymous;yes;no
163.116.177.34;808;GB;United Kingdom;elite proxy;yes;yes
163.116.177.33;808;GB;United Kingdom;elite proxy;yes;yes
163.116.177.43;808;GB;United Kingdom;elite proxy;yes;yes
46.47.197.210;3128;RU;Russian Federation;elite proxy;no;no
207.154.230.195;8888;DE;Germany;anonymous;no;no
49.0.2.242;8090;ID;Indonesia;elite proxy;no;yes
190.61.88.147;8080;GT;Guatemala;anonymous;yes;yes
52.59.77.220;80;DE;Germany;elite proxy;yes;no
182.16.12.28;8088;HK;Hong Kong;anonymous;no;no
20.110.99.169;80;US;United States;anonymous;yes;no
8.210.52.87;8080;HK;Hong Kong;anonymous;no;no
61.220.170.133;8000;TW;Taiwan;elite proxy;no;yes
163.116.177.47;808;GB;United Kingdom;elite proxy;yes;yes
82.117.252.100;80;US;United States;anonymous;yes;no
104.249.174.176;80;US;United States;anonymous;no;no
163.116.177.45;808;GB;United Kingdom;elite proxy;yes;yes
174.70.1.210;8080;US;United States;elite proxy;yes;yes
172.177.221.87;80;US;United States;anonymous;yes;no
165.154.243.247;80;TW;Taiwan;anonymous;yes;no
104.148.36.10;80;US;United States;anonymous;yes;no
92.118.232.74;80;US;United States;anonymous;yes;no
47.243.55.21;8080;HK;Hong Kong;elite proxy;no;yes
163.116.248.51;808;US;United States;elite proxy;;no
103.152.113.18;80;US;United States;anonymous;yes;no
78.20.209.210;443;BE;Belgium;anonymous;yes;no
13.127.4.162;3128;IN;India;elite proxy;yes;yes
172.177.221.87;80;US;United States;anonymous;yes;no
134.238.252.143;8080;IN;India;elite proxy;no;yes
103.167.135.119;80;HK;Hong Kong;anonymous;yes;no
92.118.232.74;80;US;United States;anonymous;yes;no
47.243.55.21;8080;HK;Hong Kong;elite proxy;no;yes
163.116.248.51;808;US;United States;elite proxy;;no
103.152.113.18;80;US;United States;anonymous;yes;no
78.20.209.210;443;BE;Belgium;anonymous;yes;no
52.74.37.94;80;SG;Singapore;anonymous;yes;no
47.250.51.1;8000;MY;Malaysia;transparent;no;no
172.105.25.190;8020;CA;Canada;elite proxy;;no
114.143.242.234;80;IN;India;elite proxy;yes;no
45.250.163.19;8081;SG;Singapore;elite proxy;no;yes
51.15.242.202;8888;FR;France;anonymous;yes;no
54.206.42.168;80;AU;Australia;elite proxy;yes;no
187.217.54.84;80;MX;Mexico;elite proxy;yes;no
43.255.113.232;8082;KH;Cambodia;elite proxy;;no
194.87.188.114;8000;TR;Turkey;anonymous;;no
139.99.237.62;80;AU;Australia;anonymous;yes;no
59.15.154.69;13128;KR;South Korea;elite proxy;no;yes
47.74.152.29;8888;SG;Singapore;anonymous;no;no
47.242.225.248;80;HK;Hong Kong;anonymous;yes;no
118.27.113.167;8080;JP;Japan;elite proxy;no;yes
185.198.61.146;3128;IT;Italy;elite proxy;no;yes
90.45.141.107;80;FR;France;elite proxy;yes;no
52.77.31.29;80;SG;Singapore;anonymous;;no
190.128.228.182;80;PY;Paraguay;elite proxy;;no
14.46.231.57;8001;KR;South Korea;anonymous;no;no
172.105.215.15;31330;JP;Japan;anonymous;yes;yes
14.207.147.149;8080;TH;Thailand;transparent;no;no
223.205.73.151;8080;TH;Thailand;transparent;no;no
198.59.191.234;8080;US;United States;elite proxy;no;yes
217.6.28.219;80;DE;Germany;elite proxy;yes;yes
1.224.3.122;3888;KR;South Korea;elite proxy;no;no
47.243.180.142;808;HK;Hong Kong;anonymous;no;yes
38.91.120.190;80;US;United States;anonymous;no;no
8.219.97.248;80;SG;Singapore;anonymous;no;yes
146.59.2.185;80;FR;France;anonymous;yes;no
152.13.57.122;8080;US;United States;elite proxy;no;yes
71.255.153.117;80;US;United States;anonymous;no;no
182.16.12.29;8088;HK;Hong Kong;anonymous;no;no
58.27.59.249;80;MY;Malaysia;elite proxy;yes;no
117.54.114.96;80;ID;Indonesia;anonymous;;no
31.220.183.217;53281;RU;Russian Federation;elite proxy;;no
182.16.12.26;8088;HK;Hong Kong;anonymous;;no
20.205.46.128;80;HK;Hong Kong;elite proxy;no;no
104.211.204.88;80;IN;India;anonymous;no;no
196.189.149.115;80;ET;Ethiopia;elite proxy;yes;no
178.159.126.93;8080;UA;Ukraine;transparent;no;no
163.116.248.47;808;US;United States;elite proxy;;no
163.116.248.46;808;US;United States;elite proxy;;no
163.116.248.55;808;US;United States;elite proxy;;no
37.112.57.47;8080;RU;Russian Federation;elite proxy;no;yes
163.116.248.53;808;US;United States;elite proxy;no;no
163.116.248.56;808;US;United States;elite proxy;yes;yes
